{
    "loss": 0.7814979553222656,
    "accuracy": 0.8620689511299133
}